day_of_week,visits,donations,average_donation_value,total_donation_value,conversion_rate
Monday,696927,347051,105.77696350364964,37245398.77,0.498
Tuesday,678798,330004,99.49110867979577,32917811.4,0.4862
Wednesday,717924,351577,103.43468424705067,37203243.74,0.4897
Thursday,723998,354553,100.33998631074607,36497880.66,0.4897
Friday,741373,366200,100.19414197105445,37058151.24,0.4939
Saturday,727831,368414,100.09391184573002,36888782.87,0.5062
Sunday,737394,371314,99.06617606602477,36647071.31,0.5035
