region,visits_sum,visits_mean,donations_sum,donations_mean,average_donation_value_mean,average_donation_value_median,average_donation_value_min,average_donation_value_max,total_donation_value_sum,total_donation_value_mean,total_donation_value_median,conversion_rate,avg_donation_per_visitor
Asia,863384,509.37109144542774,439029,259.0141592920354,102.22476696165192,102.95,0.0,199.93,45271829.41,26709.04389970501,15152.77,0.5085,52.44
Australia,855753,517.6969147005444,420295,254.26194797338172,101.03857834240773,98.12,0.0,199.85,43292130.32,26190.03649122807,14583.24,0.4911,50.59
North America,836863,499.3215990453461,416598,248.56682577565633,101.1146062052506,100.35499999999999,0.0,199.97,42724516.77,25491.95511336516,13809.73,0.4978,51.05
Europe,848960,502.3431952662722,427585,253.00887573964496,98.85791124260355,98.86,0.0,199.82,42318974.83,25040.813508875737,14601.315,0.5037,49.85
South America,805718,492.4926650366748,399221,244.0226161369193,101.30573349633251,100.42500000000001,0.0,199.95,40879578.03,24987.517133251833,14583.3,0.4955,50.74
Africa,813567,493.0709090909091,386385,234.1727272727273,102.52196969696969,103.505,0.0,199.88,39971310.63,24225.03674545455,13151.79,0.4749,49.13
